V1,V2,V3,V4,V5,V6,V7,V8,V9,V10,V11,V12,V13,V14,V15,V16,V17,V18,V19,V20,V21,V22,V23,V24,V25,V26,V27,V28,scaled_amount,scaled_time,Actual_Class
-8.52028611454175,0.781487289804934,-4.96155094468204,-0.139906092424858,-5.03044442147909,-0.378378196305094,0.0057823297823045,3.17800249539704,-0.449005788451181,-0.299144793402371,-0.058227957371395,1.56591605387569,-0.196017645722512,2.91290820369379,-0.059743851714091,2.18679258606021,0.56724465691549,-0.141297030396939,-0.0962186210869751,-1.32681245738807,-0.835001258390424,-1.91167924496439,-2.15016020689098,0.250859771426004,-0.140822398807138,0.523765997568169,1.06416323445028,-1.04619140082443,1.8417199275051135,-1.1405994817657632,0
-1.82422265440613,-0.620020693370301,-0.467198869613807,-0.407000056242754,-0.476089176769928,1.39157457311422,2.4523661115505,0.441657467576127,-0.843092289894088,-1.67094657417863,-0.520258051319495,0.543644236779497,0.502731989037439,0.52045443061816,0.174104109291314,-0.999377756638668,0.706510150359426,-1.9332564224561,-1.0929105064902,0.952881615304257,0.284531513066558,-0.127786541088868,1.24720711755931,-1.15369301506807,-0.0664637176931464,0.361554548201604,-0.209685282339727,0.0606355880608633,1.870346224653709,0.7662376278123901,0
0.4480926056733,-0.922810486436002,-0.0132931364539827,1.56404043661252,-0.734068162904538,-0.760530719070281,0.699542733489764,-0.282067971215943,-0.0551894525091995,-0.136120563613808,-0.409401510060267,0.0833071689880732,-0.226472778697522,0.516476348319805,0.978819198122394,0.239519824641218,-0.420273753049688,-0.219442728590157,-0.458337797939581,0.660541320874466,0.0656266273794009,-0.740807165866947,-0.304281825501542,0.372358382570642,0.306718034819362,-0.578690947135821,-0.061109421528297,0.0961781720621234,1.2829873819022843,-1.250669249101272,0
-10.6457996485752,5.9183066586857,-11.6710425949575,8.80736917876038,-7.97550136587277,-3.58680634405361,-13.6167970541448,6.42816934590602,-7.36845129274034,-12.8881582878915,6.85495311388866,-13.2116950297251,1.03561234332246,-13.7789556397675,1.04044835530024,-11.2903278082585,-20.5780220491922,-7.54782411219534,3.11847976563045,-0.0461701790327979,2.57196959291347,0.206809359357246,-1.66780140024191,0.558418754024331,-0.0278978765982558,0.354253781525514,0.273328726801416,-0.152908080809092,-0.35322939296682354,-1.1283016543075775,1
-3.21895201068387,2.70853541135777,-3.26304158740062,1.36186594394607,-1.64577567536596,-1.85298187130258,-3.06995821412732,-1.79687585578416,-0.213356097435365,-3.55198400939375,3.77974953895486,-6.98477147722078,-1.14097718858781,-9.37787845231763,0.921463506707037,-4.65207119462111,-9.09423129737693,-3.08254995409724,0.132330776389272,0.571654488206511,1.80787725006384,-0.890421395077162,-0.325814386573867,0.123039596922715,-0.0930137472776971,0.232105969675678,-0.310518998304807,-0.745294626799623,-0.11094536961418347,-1.2433200337195824,1
-3.49910753739178,0.258555160773118,-4.48955807274398,4.85389435139681,-6.97452154477167,3.62838209065084,5.43127092073166,-1.94673371078472,-0.775680092900109,-1.9877731876087,4.69039566550924,-6.9980424321007,1.45401198637847,-3.73802333366749,0.31774206255503,-2.01354268083989,-5.1361351026702,-1.18382211654359,1.66339401354543,-3.04262575715977,-1.05236825623151,0.204816873569406,-2.11900744010783,0.170278608305444,-0.393844118118335,0.296367194488607,1.98591321801306,-0.900451638402827,6.882027230478815,-1.8057140027705558,1
-4.19873460983989,0.194120636801706,-3.91758567828042,3.92074784640417,-1.87548574659158,-2.11893292738694,-3.61444510993627,1.68788446543007,-2.18987113590881,-4.68423332514029,4.37690666362302,-5.00744082816051,-1.30474507803596,-6.19247526385522,1.00240426741391,-3.31693430074553,-6.18883415213498,-1.04041264854272,1.23304434947994,1.0033504305956,0.801312235949018,-0.183000576489906,-0.440386862411508,0.292539411877521,-0.144967421927777,-0.251743981877142,1.24941367428483,-0.131524643545312,0.6019133987649539,-0.4735265738541021,1
1.20337730000354,0.149739703074842,0.603744893989482,0.560316495478251,-0.59189045817748,-0.804040491509937,-0.0906716314532349,-0.0268077603664647,-0.109544907792472,0.126175285348113,1.53152841341542,0.707219036323581,-0.591731674786836,0.604515310921494,0.402649893176261,0.476427460767558,-0.554544823266959,-0.0172789892922767,0.0990446391492503,-0.140206965217777,-0.201649036382612,-0.658439846541515,0.159175234916434,0.508800717739788,0.133654905451995,0.067153685183634,-0.0376520805442947,0.0091374699899664,-0.34807186177664357,-0.5607484939428103,0
-4.39797444171999,1.35836702839758,-2.5928442182573,2.67978696694832,-1.12813094208956,-1.70653638774951,-3.49619729302467,-0.248777743025673,-0.24776789948008,-4.80163740602813,4.89584422347523,-10.9128193194019,0.184371685834387,-6.77109672468083,-0.0073261825777121,-7.35808322132346,-12.5984185405511,-5.13154862842983,0.308333945758691,-0.17160787864796,0.573574068424352,0.176967718048195,-0.436206883597401,-0.0535018648884285,0.252405261951833,-0.657487754764504,-0.827135714578603,0.849573379985768,-0.11734230752448421,-1.8494723682810184,1
-4.59561704249556,5.08369023030901,-7.58101461744265,7.54603279503791,-6.94916456384443,-1.72918492987346,-8.19019171984817,2.71466961013434,-7.08316933143187,-11.1412776902967,7.38185937432083,-14.4686550955305,0.299659909360646,-13.602211465597,0.516112699650764,-13.5632729563133,-23.8156358284126,-9.17055721888169,3.66952343976659,1.68216030642087,2.24897122592187,0.566843572297808,0.0337440528595468,0.591783408003629,0.334228764687698,0.386801106292112,2.16389776726335,0.983103834042297,1.0065597024534143,-1.1303021570619056,1
-1.10103546371767,-1.67492805871463,-0.573388195590639,5.6175556662941,0.765556412634615,0.440607080848915,1.93474047501363,-1.01978754945585,-0.19324423129657,1.7837390603636,0.606910821999133,-2.85427542751023,2.37947304553589,1.26814661675691,-0.28361908940932,-0.482192055998123,0.8110054093379,-0.357910684579857,0.752760921550722,-0.0383141473363703,-0.412525822025647,-0.208823118913215,0.344832725150856,1.09143473162108,-0.686512742633337,0.0758089204336296,0.0338647378770195,-0.83285502022751,2.1859551488031714,0.3327813257587999,1
-7.03030814445441,3.42199090467553,-9.52507177254752,5.27089100906596,-4.02463027558805,-2.86568161775739,-6.98919473439446,3.79155093755913,-4.62273033596451,-8.40966487562735,6.30904400603177,-8.57676143258937,0.246746716929862,-11.5340460181508,-0.3642651387587,-5.45249465771382,-11.8875700201872,-3.56358481007011,0.876018768156628,0.545698040621445,1.10339774484256,-0.541854751589521,0.0369432219896495,-0.355519004066217,0.353634382097,1.04245799282131,1.35951563156376,-0.272188101257294,-0.35322939296682354,-0.20065799816373947,1
1.28620873732046,-0.824774245853075,0.829653115339722,-0.85897109655106,-1.1423453894583,0.251987197723958,-1.21333126131036,0.254026257249307,-0.600934316075571,0.735048392073043,1.26342589632468,-0.106833808443645,0.0087743891066347,-0.18885130230247,0.720076918121798,1.492539511339,-0.0204729238907364,-0.665697090520837,0.275401369452703,0.0906266090488078,0.444080682054128,1.19521031566017,-0.133938531118242,-0.258744981962178,0.35458750288816,-0.0176266426536805,0.0455872111223066,0.0107401953428238,-0.25331721898031406,-1.101684438713148,0
1.18978435670385,0.942289402014327,0.0823341450498769,3.02404970580847,0.412406009418248,-0.214414558479438,0.0535578385040748,-0.110353351082093,0.883797757350066,-0.554223900525873,0.154921008931302,-2.77675657494788,1.6412066261065,-0.45607695680899,-1.24041439240797,0.857322735948866,1.70702446635297,0.526349196477535,-0.865104609842214,-0.143434644974988,-0.502635558485173,-1.04739752764089,-0.0567520238885425,-0.340688404752184,0.541235201259928,-0.0983002868955662,-0.0030411199129353,0.049819020358336,-0.3380766462917987,-1.6339655768305499,1
-1.2600591240453,0.264625709541388,1.26806668668878,-1.04510217520998,0.992932218802869,-0.606826801473032,0.530190636095994,-0.008136075842123,1.49855714537463,-1.35336307630903,0.804967512228501,-2.75632644208344,-0.438745878499842,1.84320965166401,-2.21376017307586,-0.148378675712307,0.204971469850897,0.729365480531287,-0.0310827287104559,-0.329749571514368,-0.0534580375876309,0.0885222524322992,-0.646090611903695,-0.375752172093889,0.993159490741161,0.191330529909367,-0.167274196242104,0.033778018495747,-0.27726575528200237,0.03668586019450073,0
-5.83919161928092,7.1515323543223,-12.8167600806187,7.03111476501099,-9.6512721679897,-2.93842725771624,-11.5432071690832,4.84362653179436,-3.49427572506535,-13.3207888671784,8.46024444901677,-17.003289445516,0.101556614891384,-14.094451660329,0.747030766392512,-12.6616957230679,-18.9124938172188,-6.62697484523061,4.00892074227194,0.0556838813863639,2.46205591127559,1.05486518382957,0.530480596078193,0.472669814042592,-0.275997967880675,0.282435024801752,0.104886020210564,0.254417096767513,0.9104057294892064,-0.02023370764706819,1
-3.38203658613037,2.04321445541914,1.69996820672612,-1.27562909583489,-1.37443615850524,3.16048202603884,-5.16627915250948,-10.4669884326261,1.47396679294104,-2.25767086146218,-2.39934048333126,0.742061851434578,-1.65136701535398,-0.298766674231662,-2.02934986352515,0.496277145078597,0.584129655115663,0.198115862195932,-0.347494532268916,1.34274750808147,-0.796266091091967,0.535591822349561,0.450394952524471,0.57451342994648,0.187076459914979,1.37801958166866,0.131998897762618,0.0373855320314572,-0.313248531027444,1.094256905751021,0
-0.0075316636872791,0.569646587725181,1.40600201331194,-0.715872586655798,0.48504351659577,0.0037561608382776,0.615302768979504,-0.45799844778442,2.01719024285013,-0.491111792225726,1.76570443834962,-1.63089035436944,2.09687114585568,0.973942576177232,-0.729754112875014,0.234322422946643,-0.607056601595902,0.796926823926807,-0.195131596386409,-0.0875827908464258,-0.21983421783129,-0.0708056630447163,-0.0194129085673234,-0.506429428337748,-0.702552697424646,-1.11603623023972,-0.488843493836831,-0.394033263218895,-0.3081709615611428,0.2655644332133733,0
-13.1926709562391,12.785970638298,-9.90665002092758,3.32033688288942,-4.80117593230105,5.76005855618556,-18.7508891580107,-37.3534426378925,-0.391539743919107,-5.05250236713858,4.40680552357904,-4.61075647740608,-1.90948796970811,-9.07271093398351,-0.226074450896345,-6.21155748212485,-6.24814535335983,-3.14924669470095,0.0515761185277783,-3.49304991519446,27.2028391573154,-8.88701714094871,5.30360690376998,-0.639434802306313,0.263203123457008,-0.108876929971315,1.26956635541013,0.939407362758877,-0.3492313067728856,-0.5602852196207554,1
1.93494645561548,0.650677737498259,-0.286957048622899,3.98782809057201,0.316051835129206,-0.0994493763543019,-0.0214831582313935,-0.172327298889228,0.508730034701461,1.07295520625891,-0.427567391481657,-2.777649223895,1.63714014878874,1.5710801214626,-1.44536681818908,0.908649625166723,-0.122016068028642,-0.104109917156777,-1.6840216339214,-0.344452123814994,-0.173601631022283,-0.190973581696087,0.219975571293889,-0.216596550704603,-0.136691885594352,-0.129953649978571,-0.0500768352982461,-0.0510818960798855,-0.3492313067728856,0.32162062618202164,1
-3.14631053074193,1.59815522722862,-0.963119876857724,-0.404629566766655,-0.100385654559249,0.47258784592327,-0.754145452603433,-2.3619222839889,-0.2268831058923,-1.12591179021339,0.62249647545594,0.833813618032233,-0.506331552449518,-0.577318682914017,-1.32730012797427,0.495109357353055,1.25192902883301,0.687437603303574,0.104855434286224,-1.34140025891563,3.05800794761667,-0.910789962046386,0.137176832822676,0.633244912069756,1.07635587314827,0.732339820561873,-0.392931542519062,-0.388536997763282,-0.19358581124288102,0.8264211738320735,0
2.14592217606204,-1.08743736294243,-0.614967208383747,-0.902824259634204,-0.953667494918922,-0.265362199831584,-1.07580139042884,-0.0951841569593888,0.19537298727834,0.702652083575142,-1.33032100540813,-0.365228276879436,1.03308669954444,-0.737682225102897,0.285219961662689,1.33726320369726,-0.144575720569605,-0.876072997744031,0.509512453784216,0.0822009813393855,0.445005669306729,1.38668645171075,-0.0428854555899169,-0.636404769462188,-0.0023465420380937,0.0802250198857768,0.0207884138117573,-0.0487349998625094,-0.2014220601829994,1.6188729596307865,0
-1.92745281973369,1.82762056700016,-7.01949468454197,5.34830323951426,-2.73918788004738,-2.10721929638307,-5.01584797563431,1.20586815982046,-4.38271250852199,-8.33770697381781,7.19030608944843,-9.42484446049178,-0.223292646427513,-12.8754942229841,-0.071918160688794,-6.2999613976222,-12.719207160428,-3.74017615583058,0.844059610296466,2.17270905626492,1.37693832294098,-0.792016725563067,-0.771414187530036,-0.379574271539528,0.718716522008066,1.11115125599517,1.27770725705846,0.819081152045361,1.6947902598778937,-0.22342161371562108,1
-7.38154698606367,-7.44901515872674,-4.6962865237175,3.72843914957409,6.19830434711234,-6.40626663445964,-5.83145156036761,1.45717491941563,-0.6462025802667,-4.02912871953916,2.52894302060173,-3.308721722205,-1.99200968898389,-5.75721608217278,-0.877323474271716,-1.54755182348258,-1.90901678581052,0.500567470429737,0.136722438174659,2.93275812573212,1.17657484784395,-0.978692051214679,-0.278330343454922,-0.635873793806618,0.123539440325404,0.404729308452323,0.704914653621431,-1.22999168169143,-0.21329637617899513,1.2567187873261982,1
1.10402110530397,0.0683987625668273,-0.0407379276333593,0.860546146861057,-0.0400319338247139,0.1750084467212,-0.262475365601248,0.219732485985558,0.392850573364996,-0.648502117836414,1.19377019883762,0.702243884134487,-0.527290365350129,-1.29349970830344,-0.623569395321839,0.11992250218994,1.06216989489712,0.229744072836295,0.0337488897380225,-0.0688147352421397,-0.115750293732035,-0.144651375032209,-0.130336101821523,-0.376623769445195,0.471390291466284,0.443267352810903,0.0083971089650963,0.0284424985757828,-0.2350459650740176,-0.40032923096942075,0
-13.8972058704019,6.34428045616839,-14.2816664432471,5.58100899740718,-12.8871331616131,-3.1461763671985,-15.450467216827,9.06028147442157,-5.48612077680694,-14.6764702497464,5.1483517210937,-10.7495919949504,1.58548896754337,-9.79801207658904,0.733276999106463,-12.675268899047,-20.7406637223494,-8.15366802624724,5.2283417900513,-1.02522792390103,3.05808183846397,0.941180290424241,-0.232710298333368,0.763508019302571,0.0754562386388435,-0.453839571774416,-1.50896825698328,-0.686835738780169,-0.3132885118893834,-1.1266170204091959,1
-3.0435406239976,-3.15730712090228,1.08846277997285,2.2886436183814,1.35980512966107,-1.06482252298131,0.325574266158614,-0.0677936531906277,-0.270952836226548,-0.838586564582682,-0.414575448285725,-0.503140859566824,0.676501544635863,-1.69202893305906,2.00063483909015,0.666779695901966,0.599717413841732,1.72532100745514,0.283344830149495,2.10233879259444,0.661695924845707,0.435477208966341,1.37596574254306,-0.293803152734021,0.279798031841214,-0.145361714815161,-0.252773122530705,0.0357642251788156,1.7617582036263544,-1.9866436834567416,1
0.517635540294575,-2.09753426374839,0.402506650229816,-0.109042635916342,-1.3041163184589,0.915655372661296,-0.62925023254885,0.0130777613676949,0.976986778861849,-0.0143117395104185,0.74698138166888,-1.36742358503582,3.15860470957976,0.741166605740001,-1.91261389449387,-1.07086982705737,0.39059151041628,1.81622347084639,0.0148454590650816,0.472286097835404,-0.49435943302099,-1.41990634124881,-0.379042500876223,-0.820997321628083,0.0075163011963644,0.878785845103531,-0.112961400786415,0.0696130557600986,1.4235600924811431,-1.8985162726476532,0
-1.27124419171437,2.46267526851135,-2.85139500331783,2.3244800653478,-1.37224488981369,-0.948195686538643,-3.06523436172054,1.16692694787211,-2.26877058844813,-4.88114292689057,2.25514748870463,-4.68638689759229,0.652374668512965,-6.17428834800643,0.594379608016446,-4.84969238709652,-6.53652073527011,-3.11909388163881,1.71549441975915,0.560478075726644,0.652941051330455,0.0819309763507574,-0.221347831198339,-0.523582159233306,0.224228161862968,0.756334522703558,0.632800477330469,0.250187092757197,-0.35318941210488414,-0.7961339653941819,1
1.33226153247026,0.515372321055206,-1.00702864348722,0.398491132418771,0.777826442883544,-0.308176154324006,0.266058292992821,-0.0848865177142488,-0.329549988145296,-0.426988976092005,0.59939310783226,0.176584693370287,0.128890606117939,-0.90542846734927,0.332805987637519,1.04981236650025,0.068516281988051,1.07406431710186,0.478101458861916,-0.0204282586631097,-0.175476488773759,-0.477543982714188,-0.259984013630546,-1.11659412755942,0.723587534463672,0.435491246570084,-0.0394083207841116,0.0127349293275602,-0.3501908474594307,-0.5256659930090132,0
-1.04006722316026,3.10670266443901,-5.40902719870311,3.10990342442989,-0.887237039790953,-2.49752183582566,-2.07334746311485,0.639818099305764,-3.01333057190308,-5.9548382969224,3.58639450927204,-5.51714762692598,0.683652475018798,-8.5604228759795,1.85609491585409,-4.87824808848093,-4.33599801203682,-1.3771910852015,3.0573817418767,1.05439010295385,0.773960867519738,0.214868420362258,-0.184233022038014,-0.284091370881042,0.493466608549931,0.732328821135949,0.675066703315442,0.337076231470716,0.025869139942373304,1.2790612444034843,1
-10.2817840384715,6.30238478416897,-13.271718028752,8.92511547634157,-9.97557831146449,-2.83251346361162,-12.7032526593299,6.70684583868978,-7.07842395823848,-12.8056831898117,6.78605830197451,-13.0642398936784,1.1795245105938,-13.694873039573,0.951479176238826,-10.9542857275047,-20.5835927904158,-7.51726213169106,2.87235363605874,-0.247647527731929,2.47941350799644,0.366932842343897,0.0428046480276363,0.478278891799746,0.157770817898023,0.329900959238367,0.163504340964582,-0.485552212695879,0.11974420377603649,-1.1282174226126582,1
-1.1476544697586,-0.459087482935449,-0.10782114961339,-1.42722253615887,-2.05960511095445,-0.0004909253613102,-0.85808570355533,0.723137957993413,-2.53994595005036,1.34259810764179,1.0615622420868,-0.155968358589028,0.355634535090608,0.386768390472435,0.236036615554098,-0.3626883129181,0.940209749345441,0.142911113229329,0.515087132721499,-0.972978775929756,-0.228526313394585,-0.142789961639269,0.964922709203626,-0.0367846021965559,-1.46515943287753,-0.602745344838594,-0.181269167964542,-0.0342547248075881,0.2344892775420558,-0.3163502311350971,0
-15.9036352020113,10.3939171427504,-19.1336024646827,6.18596883540498,-12.5380209157442,-4.02703044708406,-13.8978265981985,10.6622517826007,-2.84495398482036,-9.66878891236125,7.39441941053863,-11.6356300484755,1.42327692545531,-8.64045910049478,-0.674719538892936,-7.69556878829619,-13.6841395944616,-4.77740603940726,1.26834277321029,1.50156541071894,1.57754822493456,-1.28013712313136,-0.601294526869194,0.0404039214626868,0.99550197117886,-0.273742711729157,1.688135896398,0.527830799573719,0.046539245565032535,-1.465965461314443,1
1.19590986845744,0.383320117430749,0.245049461504724,2.35227113811202,0.0967543149380299,0.070351316730145,-0.0377976218291421,0.157894110943563,-0.368485284918053,0.741975758680825,-1.23222208948698,-1.61077058290544,-2.57084333733382,0.860095548630614,1.01629614792255,0.568730175447434,-0.344261009337728,-0.251521487477587,-1.15632638280619,-0.347050722249949,-0.0284443997781733,-0.190132452437107,-0.055028740590345,-0.507414133222159,0.472206292373903,0.106668939058019,-0.0182728316929369,0.004540154325774,-0.3492313067728856,-1.0284660379047368,0
0.315641749332386,1.63677796226183,-1.51964988293973,4.02857099852445,-1.18679426720391,-0.789813099852487,-2.27980740468004,0.472987926704315,-1.65763500271185,-2.89499040084744,1.60198538284757,-2.82494562476694,1.26920363552044,-5.59136368933409,-0.974827287131074,-2.73779549628906,-4.9615343155062,-2.22479740778771,-0.136117269757132,0.388884849068478,0.345920750226663,-0.1080015945344,-0.165441941824109,0.279894580016653,0.808783092569154,0.117362632970147,0.58959490284462,0.30906407378289,-0.3380766462917987,-0.51770609783916,1
1.21468709816127,-0.333026614043173,1.06659412755014,-0.0420892626476865,-0.961936624369569,0.0598427740840272,-0.785062170756448,0.190604624855224,0.794022855087818,-0.22740268116309,0.82397406581611,1.25252366744517,0.450643461379395,-0.356169069284051,-0.426066630076625,0.435094926872954,-0.470290581888814,0.161659779428691,0.647329654056926,-0.033184950800022,-0.0889584248259754,-0.0577862204684281,0.009783714644739,0.0971213253616347,0.143735592140975,0.992646913896042,-0.034059513057212,0.0022719797060568,-0.35322939296682354,-0.8924529085341509,0
-0.464374143155571,-0.20258044821111,2.09273867864642,-2.72869824596722,-0.546590737568601,-0.2321736227991,-0.125059994665013,-0.253106017379783,-2.18987861501777,1.00598166807629,-1.10927342895754,-0.760950698717718,2.13954614049479,-1.25289400793794,0.184569470079651,0.0771830880755287,-0.341729237437193,0.446471143937818,-0.656459733414736,0.042412095313917,-0.144450339144596,0.264018091801893,-0.442479477566187,-0.435246270841736,0.558926630766614,-0.151099160328222,0.155027068528353,-0.0981233311649138,-0.3060519758783557,-0.42953657118261207,0
0.1149650477972,0.76676154669164,-0.494132199415659,0.116771978233793,0.86816853524791,-0.477982006349535,0.438495665220681,0.0630733402552484,-0.186207089214194,-0.159325098707444,1.20030360709416,0.281744446861465,-0.623844030466212,-0.658246292064356,-0.155888356613225,0.0562273489244218,0.653662125212474,0.33465531172159,1.02892683645358,0.0621985703923592,-0.284412898740297,-0.706865471630836,0.131404855625717,0.600742122018719,-0.604264275304309,0.26293785502267,0.0991446312768992,0.0108097183119463,-0.33527798595604213,0.9844819493477288,1
0.92376442016477,0.34404807190464,-2.88000365579163,1.72168007534123,-3.01956477860235,-0.639736122583852,-3.8013245024591,1.29909588513018,0.864065471140902,-2.89525166830126,3.02816223099618,-2.54917730779636,-1.56043182473423,-2.97131675769274,1.07889539651163,-4.70201182527384,-4.90809850732764,-1.5088732903485,3.0016850593747,0.170871765618069,0.8999311755668,1.48127100376248,0.725265549161058,0.176959582872624,-1.81563797523647,-0.536517111308732,0.489035020411905,-0.0497285787992942,-0.23208738129050352,-1.369372765165987,1
-8.42681446458936,6.24165891255794,-9.94646974501132,8.19961393161759,-8.21309336768256,-2.52204605104398,-11.6430282742756,5.33950009801351,-7.05101582770698,-12.2653238444006,7.04773274001302,-13.7429528415799,0.821627223133927,-14.1074642630375,1.02047093981622,-11.8478871921138,-21.6739867132891,-7.78404247450965,3.20430921695579,0.563869352833826,2.42746037443776,0.692666548056743,0.0203051671536146,0.499809093124917,0.467593621860553,0.483161969665241,1.19567086957704,0.198294350072086,-0.0004782480756777755,-1.1289333920194706,1
-1.51924353075082,2.30849245367643,-1.50359931953802,2.06410058377601,-1.00084505842829,-1.01689703316417,-2.05973051990126,-0.275166374590629,-1.56220609694371,-2.75579692797163,3.43824825990431,-3.52152936013651,-0.918761288376486,-4.45210024854037,0.499313753853031,-2.90790343439971,-5.24864639527919,-0.936814652613817,1.16012029433585,0.175018552247898,1.30787143187069,0.102825644139183,-0.0177462832428156,0.149695925673219,-0.0966024680642115,-0.369114567720136,-0.0192440931269227,-0.20831909164279,-0.3492313067728856,-1.0375841188797272,1
-10.5273044341626,7.63974510878724,-13.4431145027514,4.30340291762786,-8.04820986720506,-3.46699653575204,-8.64319279153494,7.28410530047069,-2.36209663777244,-5.99659592015915,2.5891035399443,-5.9622614216576,-0.468955402702701,-6.77818372152522,0.907946622048306,-3.97013003226966,-6.85761265464239,-2.51173568202806,0.511761951503497,0.847085223070639,0.937415595523653,-0.931178206442092,-0.235696693319785,-0.0313933540844794,0.591558276561224,-0.263516323288921,1.10889729755393,0.219021143211497,0.046539245565032535,-0.9197860935353926,1
1.15410420405426,0.103748261222035,1.41912173412975,1.3347316983302,-1.04530681547347,-0.475116610564638,-0.48746869493765,0.0003871161882487,0.617578560304086,-0.169351435492476,-0.231471882006382,0.926318953169086,0.835863803783784,-0.384152951565264,0.51071743860221,0.13785020800402,-0.332309606855341,-0.134037274378969,-0.490719508250182,-0.101388821299462,0.0204599386632006,0.261875030537357,0.0318797373320902,0.727676182735891,0.376055574033155,-0.421992361982272,0.0762438263965741,0.042756895471513,-0.34851165125797673,-1.1092652912558651,0
-6.35233691096656,-2.37033515007664,-4.87539667887196,2.33504453116197,-0.809554897212021,-0.413647316208307,-4.08230817063438,2.23908947335972,-1.98635950470675,-5.16533081830893,2.94293916487767,-4.12572224190365,-0.433094395260294,-3.5181311704857,0.420777387095712,-5.10447983930312,-7.9253889983055,-3.41570671508705,0.71833237368083,0.186898304507656,1.32521840044042,1.22674487561089,-1.4852168616857,-1.47073226048821,-0.240053392971609,0.112972036960476,0.910590643802817,-0.650943712766886,0.42903615173907667,0.9793227580339351,1
-3.81821371829341,2.55133767783118,-4.75915831591909,1.63696695878653,-1.16790008391088,-1.67841338780471,-3.14473247208576,1.24510555037845,-1.69254135414833,-4.75993137385013,3.64225693939881,-4.165202322571,0.703069875094878,-7.62431631397779,-1.49801239964762,-4.07999232998846,-6.71717654755023,-1.88754964911755,1.35674828969143,0.164453445972909,0.837685440079622,0.761712127064149,-0.417694265920243,-0.469712471536136,-0.225934235750846,0.586415248500604,-0.348107405939032,0.0877768724326224,-0.3104498706916874,1.1837741395262742,1
-1.11197470379937,1.82967158310322,-1.53728447884758,-1.59144227576246,1.14789348708538,-1.06213463433684,1.45383252353818,-0.154650177656988,0.551492844591234,1.264760977819,0.0524677769991088,-0.367956443865325,-1.6799079002885,0.8162500112174,-0.551441362252182,-0.356575032678322,-0.821410933721282,0.357077130973912,0.215762487669212,0.504789359221454,0.0925288000329009,0.70259425614218,-0.268855277967858,-0.807035670103299,-0.0478620773891614,0.146701944656088,0.910023209010939,0.546817663512548,-0.35015086659749134,0.9932209876955834,0
-4.86810843844627,1.26441977404559,-5.16788542660662,3.19364784504611,-3.04562137708228,-2.09616609885545,-6.44561018266068,2.4225355920307,-3.2140554159387,-8.74597261185534,5.41604190908794,-8.16412507731485,-0.165010607208302,-10.1935303551514,-1.89521031032574,-7.36047460938421,-14.6687710766351,-4.87711900477519,1.38560952778492,0.66730977994879,1.26920538901712,0.0576572516592633,0.629307399675982,-0.168431773502721,0.443743902404587,0.276539471570389,1.44127396787951,-0.127943726430018,-0.3040129519194473,-0.21310323108803367,1
-0.107283283780541,1.06125286901152,-1.09850323987964,-1.47440519775153,1.66449705551646,-0.8503690680887,1.719095429038,-0.445302918259588,-0.0936992410787059,0.246916346750299,-0.238071332036428,-0.414356876423559,-1.23785113012531,0.781658349658347,-0.644063569295537,-0.212471361965718,-1.09563637037332,0.544976455097641,0.542402442582612,0.0928632106352224,0.131645274534132,0.760814900308306,-0.420302844565594,-1.07528049873935,-0.207008970785681,0.115317817133007,0.32771517463737,0.0813533444624779,-0.35015086659749134,0.6232964415347099,0
-4.84437152213983,5.64943864783758,-6.73039574613665,5.25284201867297,-4.4095661499774,-1.74076745609347,-6.31169852901067,3.44916731253577,-5.41628435913526,-7.8335555711125,3.6573495649865,-7.7814479532704,1.50772042676786,-8.60475886835984,0.0105926875670707,-6.55397325691037,-12.6243936527694,-4.98990973846596,1.64541389333247,0.284555090358885,1.19488835625662,-0.845752531858704,0.190673885417928,-0.216443252531192,-0.325033100382822,-0.270327592956951,0.210214051535782,0.391854886292055,0.09335683489604601,-1.239487491600764,1
-1.10184700698197,-1.63244121283891,0.901066556872515,0.847752885502341,-1.24909072939532,0.654936785498635,1.44886782586722,0.0233079125519542,-0.136742416820243,-0.150129182778684,1.17235508293037,-0.795988136674965,-2.13695096583302,0.578869439330842,1.4121147225086,0.0134668068434063,-0.119204381070058,0.826814373772222,0.476859902488945,1.23027784051309,0.610653920616913,0.835795006603528,1.17995542066426,-0.0290908864225033,-0.300895693792436,0.699174952578756,-0.33607170899039,-0.177586827857027,1.7253756192615188,-0.8844298395931084,1
-3.7058559456413,4.10787318567637,-3.80365599543613,1.71031444791959,-3.58246604635748,1.4697289395611,-9.62156012711908,-11.9131046925977,-0.322296771337166,-6.62569249371823,2.17523030559549,-4.38107755793604,2.06329870945929,-0.673818453194249,1.40076321660287,-4.25492662033392,-5.16021301572915,-1.30252591599748,2.59445276115475,3.63960274068724,-5.49877168010629,2.94147540326902,0.916235852911927,-0.25550447969595,-0.18383483865098,-0.584538952417976,-0.315483570351021,-0.0972228121259146,-0.3492313067728856,0.040076185914993734,1
-3.61385045502803,-0.922135693038651,-4.74988736419275,3.37300132781874,-0.545207025424103,-1.17130106266974,-4.17231457141019,1.51701594293521,-1.77583268078792,-3.75405392305562,2.73157578227581,-3.48937464729063,1.54738008909916,-4.57126773103714,-0.517958568740869,-4.23908653141223,-9.25063451000699,-2.4348278029986,1.98738627690236,-0.320540972806239,0.7867870185412,0.893064859228385,1.03490656705841,0.097671080445461,-1.34555112500186,-0.788328913242689,1.05544197476733,0.0999714026087802,0.22569348791539234,1.0113308021031857,1
-25.9424344479142,14.6019980426299,-27.3686502881266,6.37839460769688,-19.1040334039646,-4.68480620428185,-18.2613929340355,17.0525663121462,-3.74260500983864,-8.233721369876,4.6648362538527,-6.52566786025865,0.92375858946558,-6.32597461208273,-0.0702237027595964,-5.83836021908828,-12.0616957125199,-4.77334851403019,0.852969608454831,1.66730429040185,1.78431598423494,-1.91775921336107,-1.23578743924962,0.161104731783341,1.82037804128869,-0.2193590586868,1.38878576213598,0.406809649908512,0.046539245565032535,-1.422712485973495,1
-2.04260819938332,1.57357807373238,-2.37265243271278,-0.572676430720841,-2.09735276458226,-0.174142123011242,-3.03951978687359,-1.63423295064356,-0.594808638750073,-5.45960189444545,2.37853722491518,-2.33027064686235,-0.24623272486659,-4.05852343611281,-0.316983146603949,-2.52266081131673,-5.60340034818128,-0.778439963776289,0.860211793588662,0.825565985313424,-0.723326195587733,0.501221637302624,-0.696892260580304,-0.600513726439022,0.127547028812739,-0.786072220292301,0.606097322391548,0.171696507911815,0.6937494386397087,-0.8607817912445764,1
-0.856165575158195,-0.44621837416071,0.793857367000715,-1.64275947832251,1.45215948710597,-0.857705541756917,0.318992499490798,-0.264565444491279,-1.51634552877578,-0.249316401354264,-0.448944476775966,-0.850893519233158,0.950495857681611,-1.47404825380113,0.331337252329039,1.15626753065304,0.704735954439779,-1.32617497639097,-0.099663524682281,0.48247567191116,0.147491933340766,0.236355047228783,-0.285594589884934,-0.801894770381303,0.844480332000195,-0.172266324337013,-0.237157049175199,-0.234737922560606,-0.20577997413439175,-1.1070752671879691,0
1.14043132434726,1.13424300279892,-1.42945474072655,2.01222598912655,0.622800198240135,-1.1529230868157,0.22115947772768,0.0373717733484629,0.0344859259841517,-1.87964382107016,2.19166507997652,-0.487849732811135,-1.75713709936308,-4.46105120749925,-0.402884205654366,1.4109171085787,3.61925125200524,2.28492676267757,-0.443999191918561,-0.0997118777920308,-0.367136001490949,-0.891627120817809,-0.160578066799212,-0.10832596200032,0.668374321480191,-0.352393242949003,0.0719927692746503,0.113684370071235,-0.3492313067728856,-0.5352894641535181,1
-4.25164819101439,-2.80151972937621,-0.713996986308395,0.403558406208276,1.97764879776698,-2.06548513175757,0.79615025088066,-0.458802984382957,0.518710025292428,0.25848101267387,-0.974543763645213,0.453958690069746,0.85730074181977,-0.277731510962292,-0.371244389498073,0.06178600704817,-0.557320210195923,-0.8217227614195,0.550102438878486,-2.07830493246716,-0.880909538274624,0.186534897228256,2.50226577746851,-0.0510924374049227,-0.0689301620830699,0.25333535272952,0.262927155911697,0.134776004148549,-0.13169543696072147,1.119189487447069,0
-0.264868683737295,3.38613996883911,-3.4549969895002,4.36762905773351,3.33606042827178,-2.05391842272465,0.256890458421417,-2.95723544083265,-2.8557972336327,-2.8084555425423,1.84750351109611,-2.4148223375383,-2.57322454244165,-6.5991261303635,0.123470382678038,2.57237180761341,6.60936580903842,2.53066979960508,-3.60265725092653,0.482513022122587,-1.39450379366468,-0.166029306744804,-1.45208118338289,-0.251814670710545,1.24346054282121,0.45278677690471,0.13221807596169,0.42459946550375,-0.3492313067728856,-0.7738125662406254,1
-1.83042157948254,-0.827319659610073,2.01600140723607,-1.525369738847,0.837544523038921,0.0447303937525153,0.335489073333842,0.273301235748097,0.580714817768432,-0.93803602208853,0.860315972139067,-0.188616990236881,-2.60974979156606,-0.0043919026762992,-1.30091005798601,-0.154058376218985,-0.0978793006984735,-0.89192286508127,-1.41566941868996,-0.29900107237233,-0.0492172878005517,0.0095240964934184,0.0994310227719988,-0.266695945277529,0.375903974777014,0.863704700383924,-0.35288268470913,-0.138012280751251,-0.12549840336011764,-1.0873650505769041,0
-0.348230275313456,0.397211494606673,2.3494089717125,1.17339607717642,-0.133879151919586,0.454457664341579,-0.226819085138412,0.0541966458854069,1.73578906380816,-0.236501347225622,1.40247548938815,-2.3302219844642,0.698721420911221,1.12676486924786,-0.954594466447617,-0.0426437095559825,0.295419450713229,1.13288214675307,0.779783930078815,-0.0500071025705833,-0.139747380360029,0.105727459711277,-0.144609071437144,-0.0688402280401347,-0.374897929960358,-0.455427013107502,-0.180041450787017,-0.161515183388726,-0.30129425330756954,-1.8769740166720983,0
1.26666270082581,-1.27730868566288,-2.94953972007058,0.75818782045222,0.210759744992876,-1.62609156783535,1.56887005207434,-0.712801362644325,0.211966992970969,-0.104521449624287,-1.00220064107003,-0.402547661391559,-1.40011809435172,1.24983309304341,0.117867746646306,-0.962494188444738,0.019129925651751,-0.349506692679762,-0.0873212408372159,0.550084943525902,0.551083154323044,0.745979429010276,-0.601678221715104,-0.0150140198903762,0.615207699847233,0.0862577710579749,-0.16646616365638,-0.0112189736089732,1.453265872902102,0.5050351418683203,0
1.98424079613247,0.115782732788196,-1.65912745028773,0.440728145408658,0.174925629032737,-1.16745403934305,0.153436322285011,-0.217630193318173,0.358445352173547,-0.308374592076621,1.4356985527259,0.676843718998002,-0.338103645201887,-0.473259670913405,0.265013410133106,0.327666392410403,0.246406641809035,0.908694593484483,-0.247638101717515,-0.203358871932845,0.260785208457571,0.869906433060594,-0.0198459605994337,-0.0517545677617219,0.186102461790931,-0.121078973977355,-0.0058945221885278,-0.0401309730415046,-0.30805101897532466,1.118705155201284,0
-6.75050851563533,5.36741605145469,-10.0546349530569,9.06447791765316,-7.96811808353808,-2.26379841398236,-10.317566180676,4.23766573099145,-5.32410880613734,-11.0923923688428,7.15408284221914,-17.1504052507291,-0.0953992277686904,-11.0301103643432,-1.95905455483077,-12.4485623424367,-22.6679054064789,-9.26460873295655,1.9823563171714,-0.0812198922441237,1.90903201764938,-0.34873973066671,0.425000563135111,0.674908669807175,-0.784208393488163,-0.247422102935353,1.1595813739152,0.197817874685768,0.4849693775922687,-0.02017053387587888,1
1.42712572344525,-0.919876245694606,-3.16550679495057,1.37884807332352,0.867670052521087,-0.880073653036894,1.48288791305275,-0.569837724645099,-0.0183982084673597,0.259635606128809,-2.04775572730948,-1.0291941338438,-1.60818408921763,1.25659168179936,0.0012244651470051,-0.491730563436303,-0.437132150241586,0.055289766991239,-0.0776537374715865,0.395289671609163,0.453192065902838,0.580948064820957,-0.664472759536459,-1.03631019139463,0.811281880161368,-0.162522151645971,-0.134535086432779,-0.0268347389023334,1.186033791699289,0.7818204913724202,0
1.31806535766092,-0.61345895609165,0.304633044529447,-0.421476791190611,-0.986628856134637,-0.854190548104835,-0.342662287198974,-0.262913557564547,-0.626589447510546,0.467299161229914,-0.494403312797334,0.0118982788970082,0.725957770996553,-0.541728346214506,-0.63871673318425,0.444040353029606,0.678705883347849,-1.83016012773263,0.919398310493952,0.179261228548261,0.087557978919168,0.293527700813457,-0.152475910649735,0.457701406831197,0.695271328501331,-0.15300858731095,0.0020003853584434,0.0178738014456961,-0.13333465230023603,-0.3297009547797714,0
-26.4577446501446,16.497471901867,-30.1773174564996,8.90415677106517,-17.8925996927224,-1.22790388102871,-31.1973285494605,-11.43892041491,-9.46257260540015,-22.1870885620007,4.41999660154863,-10.5923050053728,-0.703795803703315,-3.92620731586873,-2.40024649210124,-6.80988994039049,-12.4623149481086,-5.50105078380738,-0.567939572890149,2.81224110932946,-8.75569832116533,3.46089334478551,0.896537503959012,0.254835536763482,-0.738096558530353,-0.966564233789852,-7.26348214633855,-1.32488430656137,-0.3492313067728856,-0.009515224468615148,1
2.09416626412045,-0.226142170647038,-1.52420731791814,0.0596636184991214,0.322457730448959,-0.302062678546339,-0.0308496847465256,-0.0435781087488823,0.556195824052867,0.282510609151852,-0.234500874790311,0.0670751448328757,-1.15431400403931,0.670518991548444,-0.436259772065372,0.468426322578061,-0.856025683042772,0.14062333957362,0.851771230076821,-0.2627011529645,-0.323709179460608,-0.894058152258509,0.209918257659365,-1.13431007759954,-0.229121562172483,0.249893940995259,-0.0846509937869302,-0.0838816952834767,-0.34531318230282637,1.423623890808357,0
-0.496713746804603,2.00892883744773,-2.41026105712043,-0.260957244792845,2.01484088602764,-1.07030781953197,1.5689915916372,-0.616791875826749,-0.18230633422681,-0.780432345667804,-0.635503661375921,-0.940904941031883,-0.360799228826033,-2.68445842350373,-0.140825866900865,0.12322064387231,2.03182542452085,0.843635897711281,0.151415904686487,-0.113324956264023,0.20919716087353,0.392837058873429,-0.19917903631754,-0.001652959672676,-0.75455285323084,0.496728864049778,-0.765836414915664,0.292676128245468,-0.3501908474594307,1.55348810644985,0
-1.84945455105464,2.5054570159892,-1.72847933498831,-0.524317782006199,-0.380248591521431,-1.29256664268255,-0.022506411986424,1.11585567002011,0.0234999357534794,-0.31003413097884,-0.453988061670007,1.10097818419822,1.14837887681708,-0.528151030467587,-0.436510065294689,0.44142110862562,0.941875632374792,-0.443411963165585,-0.544182249001619,0.240398283061804,-0.299515536262438,-0.792133802447263,0.326879753056354,1.05645274797874,-0.173231775263656,0.105338425745756,0.290451967097803,0.128420107481695,-0.30129425330756954,1.2564029184702517,0
1.2879438381484,0.807169537921616,-0.208933789928739,2.27978308755773,0.704598872553257,-0.342406856613534,0.622447116342469,-0.29108494089352,-1.15890507876959,0.70684286920169,-1.10044346697786,0.170570992612352,1.17627692326742,0.257304601817887,0.149879120315118,0.5231573451281,-0.842271637914159,-0.359064137437903,-0.578536944143663,-0.0695122671602044,-0.0575324333285896,-0.129683933524866,-0.221658242772222,-0.427543327832704,0.877593768146082,0.11716881234565,-0.0339119454587275,0.0039120095541303,-0.3387563209447681,-1.2267895635917128,0
-17.5189091261484,12.5721178535385,-19.0385383213549,11.1908946558522,-13.5547207079601,-0.41192361337145,-23.189396512394,-5.30141221815132,-8.63039030596902,-16.2556117491401,5.70211147983179,-13.8124040899594,-0.306815322507812,-7.01360737195925,-1.18229035380557,-9.3601791927531,-16.6683693822389,-7.14746777723207,2.16209864550609,2.52851232971436,-4.96947772242457,0.976124822110751,1.8412479337881,0.334417748210128,-0.720128461316563,-0.232603423065217,-3.02199247294556,-0.478158234859683,-0.34671251247070467,0.017144106973273957,1
1.18522840353998,0.363214709878948,0.413729295049469,1.25102810394957,-0.243934727712187,-0.836648409088356,0.250599725570382,-0.277617181030656,-0.207836361350611,0.016626016130892,-0.202724924395813,0.841576639994705,1.30746499915947,0.0821019326648068,0.80166316996888,0.0935786258501792,-0.544100655761678,-0.219405951764741,-0.491707236861231,-0.0082139220309672,0.100372869253904,0.342841533971318,-0.146701173443518,0.437886730215685,0.70710572504098,-0.28804303674423,0.021623763641022,0.0293143515026394,-0.2333267880106243,-0.5894083281390275,0
-22.3418888868038,15.53613332478,-22.8652284959099,7.04337354768731,-14.1831291919342,-0.463144880408286,-28.2151120538009,-14.6077905214735,-9.48145633401495,-20.9491915543611,4.73958247105186,-11.9249546896802,-1.50141102577851,-3.83678146634435,-2.72032883823594,-8.88010567222989,-15.8251362851177,-6.75042522352437,-0.129188144339879,4.10001904830367,-9.11042257588182,4.15889482041313,1.41292844456256,0.38280067392155,0.447153952515532,-0.632816336434319,-4.38015425911661,-0.467862869164174,-0.3492313067728856,0.1154846107913009,1
-1.61298383241716,0.768013364591327,0.251416337668418,-1.05689697510389,-1.05686486344788,0.853542327550967,-1.0778476786953,1.26146957597268,-1.69536245188245,0.418331670649651,-0.266074230999121,-0.241365699162862,-0.205932470823248,0.922386261481126,1.14829719694898,-0.888205784384604,0.220862073992606,1.78351946140647,0.83751673200243,-0.644327329915837,-0.428435096711158,-1.17108916603879,-0.0082710204260511,-1.33178760572905,-0.617844022622498,0.902766962283648,-0.830908170879506,-0.369549583309913,-0.17331551423961558,-0.7947230845042873,0
-7.88058922007512,6.55001947104031,-6.17259100576301,-0.769678926140506,-4.55340776859241,-2.07786828710517,-3.8876515020375,5.69216390379563,0.419513229793527,0.972019151573811,-2.5709144596224,2.44101590922725,0.870907453699893,3.34828900149033,-0.695387775796555,1.25732047369428,1.72351144247259,-0.476355894583179,-0.58234091536175,0.29403519702441,-0.144865305567471,-1.03469303091037,0.828410895420697,-0.017477221290903,0.514838970423832,0.199277830155476,-0.200415048406601,-0.164711361352254,-0.3172865980833213,0.5317576470813987,0
-2.45733522679548,1.77647253165203,-1.88786782459876,1.11732331900464,-1.24736139898943,-0.875903938198889,-0.314288817829419,1.60228343660312,-0.37044571150319,0.177557354930114,-1.07889443946522,-0.121257978995036,-1.33296712768258,1.90686931175198,1.05438519072242,-0.25448877142036,0.8541748100458,-0.276833311509406,-0.0859739256794373,-0.207411555747893,0.178757837322327,0.408754849260026,0.0135283182897004,0.0699398191111665,-0.653713026209786,-0.366041990731259,0.399220133253345,-0.0105720015062817,0.046539245565032535,-1.122110624731025,0
-1.58550536691994,3.26158454822833,-4.13742198305023,2.35709625199132,-1.40504331370135,-1.87943719306477,-3.51368687087654,1.51560674568816,-1.20716636120056,-6.23456133227108,5.45074606689486,-7.33371406736393,1.36119332407831,-6.60806825219469,-0.481069424899829,-2.60247787045261,-4.83511205239717,-0.553026089102902,0.351948943356815,0.315957258937511,0.501543149467536,-0.54686881157389,-0.0765836358993043,-0.425550366841581,0.123644186352002,0.321984539336613,0.264028160503965,0.132816719764592,-0.3492313067728856,-1.8304149473055762,1
-2.0997462196885,-0.971440740495413,0.759720411644863,-3.41617592018784,0.286765454367204,-0.0237744526362896,-0.0274551646108812,0.899155461293656,1.66519742229277,-2.84922261663603,0.52575557303017,1.67771089750659,0.143761257848811,0.252342571022717,1.17945750950671,-1.79751805682709,0.932074618388974,-1.93833481126656,-2.153848575033,0.190986352868513,0.41405166083673,0.974267106407421,0.234275632241926,-0.619667081271495,-0.0498762101546326,-0.992758385976769,0.329842741194025,-0.0162021671711956,0.1700801089577153,-0.18084249193402568,0
2.03832929239059,-0.11451040784649,-1.21097497277636,0.198567426455453,0.147861613193759,-0.573655110867921,0.0649416900977867,-0.141619918059712,0.294073587488145,0.23153298490015,0.666460413859497,1.06321312499261,0.134923216132494,0.435961727706647,-0.593694448624804,0.144812282027091,-0.63258894815576,-0.343971041033412,0.513461006773234,-0.200555644546134,-0.256774216427959,-0.629231976334023,0.283939966534073,-0.463624047044594,-0.287350795928488,0.208021124210715,-0.0713500469238477,-0.0744957437179185,-0.34531318230282637,1.4326787980121582,0
1.05147042252351,-0.0823062870118914,1.37811893736533,1.22159146142498,-0.787408051353261,0.48508779604575,-0.693684936295262,0.327520389120819,0.522859200109764,-0.0952364991614813,1.41587671982534,1.64556559150944,0.497124514088744,-0.242323964312108,-0.352143730430295,-0.106434095226201,-0.180255171446058,-0.157388616837177,-0.361749404567356,-0.121883208810216,0.0377657067614506,0.341338601096055,0.0296492212581575,0.23848657965931,0.304655898222848,-0.411123998614878,0.0893301404216716,0.02809659121023,-0.3132885118893834,-1.2511746392707868,0
0.0464008623835049,0.810748064770464,-1.69953765704,-0.682044135006637,2.00673703470959,-0.786725382105157,1.3247854956743,-0.175364140271571,-0.609630477853818,-0.54401730822401,0.427013025534167,0.322794058742498,0.0102148705364365,-0.628566280019546,-1.3780582725189,0.132826538830183,0.1539858726304,0.599782430950496,0.211165860218956,0.133481926551859,0.158116400296947,0.573870693400444,-0.139388571997037,0.0673325495187247,-0.267191578815208,0.543013051351944,0.283812457751316,0.183010222513167,-0.25255758260346584,0.7490333041251679,0
1.22761441351286,-0.668973794096954,-0.271784826118016,-0.589439741635524,-0.604795004349645,-0.350284967097775,-0.486364540645055,-0.0108086285956747,-0.794944156080669,0.264544748886681,0.881268050432366,-0.324703760782435,-0.263263800489225,-1.11273543930467,-0.540849503339651,1.53341124817574,0.831442610720144,-0.473346676550517,1.19012126352217,0.273799209937263,-0.0260547222626376,-0.295254768133076,-0.180458520061445,-0.436538663158256,0.494649059264358,-0.28373826696629,-0.001128278642713,0.0350745013143425,0.03862303490103543,-0.6124878125468558,1
-10.3630494651588,4.54367201286394,-9.79589773551539,5.50800333404763,-6.03715599427489,-0.133492972364907,-11.7243461176622,-3.19834557193323,-4.76784222430147,-9.33212806886128,5.2241240042156,-7.74312234505579,-1.56034320038539,-7.14041803349475,1.18597782557697,-6.59870406570123,-12.1205390025684,-3.90409153348034,2.51343040062446,0.924396179705582,-2.45714487251707,1.68725664165106,0.977178353536712,-0.543368976583511,-0.289124786926125,-0.107586425389056,0.330641897772597,0.163577149556086,-0.3492313067728856,-0.7928489292923377,1
0.0073790751145725,2.36518252886777,-2.60028738169342,1.11160176466249,3.2764413263667,-1.7761407852846,2.11453088108345,-0.830084106599812,0.900489974281822,-3.37617706712688,2.05681205985716,-3.9842567303491,1.02196791340796,-5.96790496861639,-1.15160831490592,1.67973960141233,5.58611468683053,2.78913115591619,-2.24107485298106,-0.0063884972816308,-0.563944162060269,-0.902099515410175,-0.404382448597275,-0.0129439005065412,0.589836154947909,-0.734449052212668,-0.447529183217452,-0.362374775122343,-0.3492313067728856,-0.06974088633575799,1
1.02880662765352,-0.167460338630137,1.34462036854433,1.64979417869834,-0.717661965119619,0.807931455661795,-0.610832684831065,0.397065328174622,0.923156974033363,-0.257200878583612,0.83648755744709,1.93263267288977,-0.0241260935218613,-0.606659979606488,-2.46029003651122,-1.02777683453081,0.577444748482787,-0.971095226099736,0.385402901203559,-0.18832487548297,-0.348085519858226,-0.536812734669818,0.0952086241326998,0.228722125279505,0.3816449864442,-0.540081418927691,0.0908426673610651,0.0207392390028454,-0.32364355513168264,-1.2481633561774295,0
-1.10847821852891,3.44895257232738,-6.21697180605649,3.02105161812575,-0.529900931709915,-2.55137517507643,-2.00174290819286,1.09243237369483,-0.836098368778531,-4.09564897273592,2.42595071598052,-6.06726194524698,1.83243272022382,-3.50170251648822,-1.00400820464185,-3.5012811030282,-2.941876323532,-1.12574106196719,0.37371480785248,-0.0685983809223332,0.825951491439622,1.14416978988846,0.208559481945769,-0.295497424488562,-0.690232196243341,-0.364749075788586,0.229327220125504,0.208829891689567,-0.28126384147594036,-0.05731671133519356,1
-0.734303155037818,0.435519332206195,-0.530865546585229,-0.471119606930407,0.643214386605141,0.713832369657908,-1.23457207133269,-2.55141159871634,-2.05772382572102,0.166830707878014,0.567551954604602,-0.85805991589575,-0.448067929957678,-0.264936238828755,0.88886293915465,0.838120616560385,1.42505965449185,-0.169664182600728,2.50202738858443,0.864536120628702,-1.00487737851609,1.15035358786928,-0.152555282700309,-1.38674463324096,0.0047160148280004,0.21914583821982,-0.0582573076118087,0.158047988697071,-0.2334867114583818,-0.40553053813067397,1
0.908636658181293,2.84902401493181,-5.64734296336341,6.00941477810058,0.216656395035464,-2.39701442397293,-1.81930788593969,0.338526987742346,-2.81988277297887,-4.06309810827338,2.94119009271712,-6.15136219091534,-1.98952853525001,-9.15095100562097,-0.604289998808266,-1.95229039984463,-2.89255533222526,-0.912057960709434,-1.56373996709776,0.241921294746754,0.407260461266497,-0.397434852530952,-0.0800058534116311,-0.168596545191964,0.465058497798457,0.210509756241616,0.648704799002062,0.360224330288316,-0.34851165125797673,1.0783371154113146,1
1.45216388072101,-1.68836538599417,-0.651132050938568,-0.545018471927476,-0.554055724823528,1.41770234155337,-0.868805015523895,0.525892036929104,2.18834441661128,-0.825339956547526,-0.574181636979661,0.60316081985444,-0.836419574630176,-0.25571541699788,0.62302508555026,-1.15450337422723,0.931620779881603,-1.84087079039907,-0.490334450481895,0.129741464305709,-0.0560965545733786,-0.271572553214669,0.306329475723209,-0.248930346313802,-0.851482866689602,0.446907890009342,-0.0134446255567485,-0.014746826316574,0.5543361730570922,0.8002251167122393,0
1.90197475864305,-1.3020404586151,-1.30473823911949,-0.810432468215366,0.0509584841063097,1.65243755962877,-1.05302753014042,0.539212194936565,-0.199246999257091,0.894807385460883,0.388863246164905,-0.0451744048520374,-1.02804533371614,0.413938737996843,0.472970078017453,-1.74380150973092,0.239392007261738,0.555993046576431,-1.36035112671683,-0.591847031298254,-0.260415075368616,-0.300136664737219,0.280815909938882,-0.981526369944713,-0.579649639355158,0.637930771502164,-0.0127492827776839,-0.0639551476723837,-0.05657139737662729,1.0025496479078717,0
1.89213305053472,-0.371774703304947,-0.0167405950573171,0.477975932024547,-0.95270217078701,-0.677347791749886,-0.590228942511032,0.075704339004389,1.05884590220515,0.0121904891908003,1.34735754604333,1.14623563007626,-0.609183967471962,0.302543838426574,0.0140887164004745,0.191856003219224,-0.504944072784754,0.0929567512693983,-0.0639985209886828,-0.273593348591515,-0.0917789625930042,-0.168483678794834,0.441567362753118,0.430368861824269,-0.56538644254824,-0.669298412850041,0.0318375780574552,-0.0368021364348235,-0.3232437465122889,0.4876834127149896,0
2.07798639129972,0.119378781118628,-1.73622196036984,0.410233569351009,0.395577613482309,-0.862747998537532,0.15008031208591,-0.204207927659791,0.574956306185286,-0.36319463047438,-0.702672521522489,-0.142589704949289,-0.436959665343607,-0.745931778480251,0.265176883653768,0.355975100072065,0.48325553931781,-0.227568877290003,0.0763904407601755,-0.186502666125591,-0.373874546879999,-0.996430859025105,0.339141421423173,0.467994470222061,-0.268339299345059,0.176655010039497,-0.0661465359259686,-0.0320523964773074,-0.34531318230282637,0.9443455467187867,0
0.969683637493573,-0.442745202732684,1.004655619256,0.459686375347211,-0.0784490869747953,2.23651916269916,-1.07268959104982,0.843642452466984,0.689642342249838,-0.260503394693049,1.61670999856317,1.34760395074214,-0.149224884028432,-0.0905679172266907,0.62232637596012,-0.807261107746987,0.665610628488982,-1.56677805767771,-1.17895703875346,-0.216719016055971,0.0586428912328434,0.469986863790676,0.104408235269372,-1.31119086620124,-0.051075149239238,0.448486753179346,0.0830659337956387,-0.0007954361760573,-0.30725140173653703,-1.2166607022776932,0
-4.38422089880268,3.26466481012305,-3.07715801666012,3.40359359659281,-1.93807528041028,-1.2210812776781,-3.3103166090276,-1.11197501012863,-1.97759328056305,-3.28820356526528,2.88609147657536,-6.84897793447677,-1.02923459062256,-7.46010298330266,0.0559060176229105,-4.33478342671028,-9.87456039324105,-3.54190332932228,-0.531558760456647,-0.141533268810834,2.07638272101207,-0.990302787008607,-0.330358452316133,0.158377625833497,0.0063514462492984,-0.493860013315231,-1.53765237842389,-0.994022490842227,-0.17075673907549527,-0.7579138338246489,1
1.17464131959002,-0.0848970017132515,-0.256066571126865,-0.219801850389625,-0.149242226219113,-0.888967880999107,0.348766662268469,-0.191992468341485,-0.25725430619453,-0.0347032831352326,1.2115627071366,0.696074921041698,-0.309681567353279,0.721083512552708,0.192610911648047,0.303083951559649,-0.49987912626293,-0.3500866066398,0.742078826934728,0.0571213276320378,-0.318735137058895,-1.14425839384047,0.0449037212888006,0.0367198637810647,0.185373748870947,0.733109471562677,-0.127804979300274,-0.0042686538351511,-0.0735632637008636,-0.5455867888573758,0
-0.527825503423075,1.03801238254462,0.870553403487333,-1.03437135167572,0.980892263237593,-0.317789202802141,1.32084345057093,-0.296049033467041,-0.469021894812008,-0.167817090501378,0.700018537496931,0.945976605727129,0.72888084100906,-0.0862756846208347,-1.02797881149747,-0.0197167519411439,-0.856563692479568,-0.320007667519854,0.388209474355033,0.145067943396012,-0.272577262339156,-0.497694399372285,-0.234496718642866,-0.443898591263989,-0.0668222204649808,0.18865093523363,-0.0124425097905045,-0.0649002261371276,-0.3317596701053767,-0.15837368731436086,0
-2.37753280180283,0.520539361927579,-8.09413945532841,8.00535147326105,2.64075021376276,-3.38158645291742,-1.93437244067366,0.562322111872781,-3.10402718606356,-3.05121035544102,5.73576265915634,-4.74769250131792,-0.784223284478966,-10.7163393018774,0.656516978131348,-1.14246727231018,0.91859080878698,1.12633522330277,0.0929734778841175,-0.634747080915274,0.148284201590387,0.7210995412337,2.66129069804724,-0.508619933518595,-0.401656629278738,0.587611216267645,0.500326371108344,0.551759687906722,-0.3492313067728856,-1.1386410948588945,1
-0.629523065627385,-0.370696513442809,1.63543301129996,0.0119791327667457,-0.0876896523614827,0.402067557715246,0.418322421692262,0.0743664595773152,0.38264414534508,-0.387970989215528,0.386441625740359,0.0991758979005805,-0.665713101222467,-0.0164437598258735,0.543509284798948,0.071674193479986,-0.661770929654541,1.02744630381634,1.1838525033862,0.470484908412396,0.129388619359683,0.263666879608714,0.256278041830553,-0.516462095547801,-0.554226197292475,-0.372320581549907,-0.0164124663512231,-0.0424849305260618,0.25847779470568355,0.9659930923129905,0
1.80883446689686,-1.33302991313916,-0.556547587163047,-0.165514795366246,-1.38838350489449,-0.731744451561169,-0.663268063765026,-0.0923207644035894,0.479492458237084,0.517942234205579,-1.29822433408161,-0.450946862664921,-0.990599001891926,0.196414683954648,0.730369205207688,-1.36491222233253,-0.205982320438641,1.37324461883133,-0.766320229390042,-0.424836977752775,-0.503475609296267,-1.23412738581758,0.331022378591628,-0.161603558729256,-0.565928688428572,-0.989280794639714,0.0435805143461996,9.28601235991589e-06,0.282226426697675,0.5823598378040366,0
